FID,Shape,tnmid,metasource,sourcedata,sourceorig,sourcefeat,loaddate,referenceg,areaacres,areasqkm,states,huc8,name,shape_Leng,ObjectID_1,Shape_Le_1,Shape_Area,n_occ,occupied,CurrDistAcc,NatDistAcc,DeltaCost
10,Point,{FC56FADA-4FC4-49A7-BAD6-599AD2C75636},{511D2AC8-11BA-45FC-AB98-F69D693D4C44},Watershed Boundary Dataset (WBD),Natural Resources and Conservation Service and U.S. Geological Survey, ,8/16/2024,1352015,3830273.51,15500.58,"MX,TX",13040205,Big Bend,0,15,3.880353,0.254216,1,1,0,0,0
37,Point,{210950C9-1B61-47B4-8423-5FBDACE9809F},{511D2AC8-11BA-45FC-AB98-F69D693D4C44},Watershed Boundary Dataset (WBD),Natural Resources and Conservation Service and U.S. Geological Survey, ,9/4/2024,1381144,776232.41,3141.3,TX,12040204,West Galveston Bay,0,1,8.94538,0.212401,14,1,0,0,0
38,Point,{48997A19-DE30-46CF-A9EE-F90D95CB7C00},{511D2AC8-11BA-45FC-AB98-F69D693D4C44},Watershed Boundary Dataset (WBD),Natural Resources and Conservation Service and U.S. Geological Survey, ,9/4/2024,555871,620735.49,2512.03,"LA,TX",12040201,Sabine Lake,0,2,5.924189,0.18196,3,1,0,0,0
39,Point,{65D43780-6588-4419-8889-5897977A505B},{511D2AC8-11BA-45FC-AB98-F69D693D4C44},Watershed Boundary Dataset (WBD),Natural Resources and Conservation Service and U.S. Geological Survey, ,8/16/2024,1345182,586702.81,2374.3,TX,12030108,Richland,0,3,3.550967,0.226482,1,1,0,0,0
40,Point,{F2BAF4B8-3D8F-48E3-BF4F-B14A0570DC0E},{511D2AC8-11BA-45FC-AB98-F69D693D4C44},Watershed Boundary Dataset (WBD),Natural Resources and Conservation Service and U.S. Geological Survey, ,9/4/2024,1381144,228389.04,924.26,TX,12040203,North Galveston Bay,0,4,2.392906,0.054449,2,1,0,0,0
41,Point,{911D8E22-E443-4D9A-B66A-D99CAB5A8D24},{511D2AC8-11BA-45FC-AB98-F69D693D4C44},Watershed Boundary Dataset (WBD),Natural Resources and Conservation Service and U.S. Geological Survey, ,8/16/2024,1765055,572820.55,2318.12,TX,12100402,West Matagorda Bay,0,5,3.798853,0.199932,3,1,0,0,0
42,Point,{C2BBE861-D197-4885-A8BC-358AAE827CB5},{511D2AC8-11BA-45FC-AB98-F69D693D4C44},Watershed Boundary Dataset (WBD),Natural Resources and Conservation Service and U.S. Geological Survey, ,8/16/2024,1384148,2017196.14,8163.31,TX,12060201,Middle Brazos-Palo Pinto,0,6,5.871051,0.785562,5,1,0,0,0
43,Point,{91C44309-4BBE-42C0-BAB9-D819A0F233BD},{511D2AC8-11BA-45FC-AB98-F69D693D4C44},Watershed Boundary Dataset (WBD),Natural Resources and Conservation Service and U.S. Geological Survey, ,8/16/2024,1100277,681988.54,2759.91,TX,12030107,Cedar,0,7,3.107216,0.26484,2,1,0,0,0
45,Point,{92F436E9-93F4-419B-B2DC-48C518529F4F},{511D2AC8-11BA-45FC-AB98-F69D693D4C44},Watershed Boundary Dataset (WBD),Natural Resources and Conservation Service and U.S. Geological Survey, ,8/16/2024,1356668,613304.34,2481.96,TX,12090402,East Matagorda Bay,0,9,5.861248,0.177634,1,1,0,0,0
46,Point,{81818EE8-F44A-4CBB-8CB3-0845CD084E41},{511D2AC8-11BA-45FC-AB98-F69D693D4C44},Watershed Boundary Dataset (WBD),Natural Resources and Conservation Service and U.S. Geological Survey, ,8/16/2024,1091195,687986.89,2784.19,TX,12030109,Chambers,0,10,3.735962,0.266424,6,1,0,0,0
47,Point,{C776D892-EEF6-4426-B8EE-8F76070C1C41},{511D2AC8-11BA-45FC-AB98-F69D693D4C44},Watershed Boundary Dataset (WBD),Natural Resources and Conservation Service and U.S. Geological Survey, ,8/16/2024,1334260,460433.09,1863.31,TX,12030104,Denton,0,11,3.217978,0.180265,5,1,0,0,0
48,Point,{193FCB5D-FCD4-40E8-9738-170E789DA6AF},{511D2AC8-11BA-45FC-AB98-F69D693D4C44},Watershed Boundary Dataset (WBD),Natural Resources and Conservation Service and U.S. Geological Survey, ,8/16/2024,1383018,1246538.87,5044.57,TX,12020005,Lower Angelina,0,12,4.264314,0.478601,15,1,0,0,0
49,Point,{3032BC64-B7A8-4DE8-9859-97A853A08110},{511D2AC8-11BA-45FC-AB98-F69D693D4C44},Watershed Boundary Dataset (WBD),Natural Resources and Conservation Service and U.S. Geological Survey, ,8/16/2024,1347681,484407.28,1960.33,TX,12040102,Spring,0,13,2.473471,0.18346,17,1,0,0,0
50,Point,{5EF1AE85-807D-4F5F-A10E-A5711C7027BC},{511D2AC8-11BA-45FC-AB98-F69D693D4C44},Watershed Boundary Dataset (WBD),Natural Resources and Conservation Service and U.S. Geological Survey, ,8/16/2024,1383018,1034350.38,4185.87,TX,12020004,Upper Angelina,0,14,3.719181,0.399208,5,1,0,0,0
51,Point,{73644932-EBDE-4559-ACEB-2DB9C78ECD6C},{511D2AC8-11BA-45FC-AB98-F69D693D4C44},Watershed Boundary Dataset (WBD),Natural Resources and Conservation Service and U.S. Geological Survey, ,8/16/2024,1375103,1029228.35,4165.14,TX,12020002,Middle Neches,0,15,3.763168,0.394273,16,1,0,0,0
52,Point,{5B9654DB-FD15-4030-90EB-F9561FB7E9A0},{511D2AC8-11BA-45FC-AB98-F69D693D4C44},Watershed Boundary Dataset (WBD),Natural Resources and Conservation Service and U.S. Geological Survey, ,8/16/2024,411715,434776.81,1759.48,TX,12010003,Lake Fork,0,16,2.515223,0.169611,1,1,0,0,0
53,Point,{CE784039-C6D0-4622-BC46-805423E4BFF2},{511D2AC8-11BA-45FC-AB98-F69D693D4C44},Watershed Boundary Dataset (WBD),Natural Resources and Conservation Service and U.S. Geological Survey, ,8/16/2024,1348789,876611.97,3547.53,TX,12030105,Upper Trinity,0,17,4.966257,0.340307,40,1,0,0,0
54,Point,{160F7AB6-0072-450D-A5E1-E937F216FDE3},{511D2AC8-11BA-45FC-AB98-F69D693D4C44},Watershed Boundary Dataset (WBD),Natural Resources and Conservation Service and U.S. Geological Survey, ,8/16/2024,1384149,451583.09,1827.49,TX,12090302,Lower Colorado,0,18,4.137504,0.169726,2,1,0,0,0
55,Point,{BF025359-0D83-47D9-9E37-1002171A8520},{511D2AC8-11BA-45FC-AB98-F69D693D4C44},Watershed Boundary Dataset (WBD),Natural Resources and Conservation Service and U.S. Geological Survey, ,8/16/2024,"13,531,851,382,693",756768.92,3062.54,TX,12040104,Buffalo-San Jacinto,0,19,5.828622,0.280567,79,1,0,0,0
58,Point,{C4B6AB0B-9B00-4CB7-A3F3-E39E653888AF},{511D2AC8-11BA-45FC-AB98-F69D693D4C44},Watershed Boundary Dataset (WBD),Natural Resources and Conservation Service and U.S. Geological Survey, ,8/16/2024,1377778,819555.91,3316.63,TX,12090206,Pedernales,0,22,3.791053,0.310934,2,1,0,0,0
59,Point,{2C62AA4C-66DC-4063-978D-ECAA9614C1A9},{511D2AC8-11BA-45FC-AB98-F69D693D4C44},Watershed Boundary Dataset (WBD),Natural Resources and Conservation Service and U.S. Geological Survey, ,8/16/2024,"13,772,101,374,767",812826.89,3289.4,TX,12090201,Buchanan-Lyndon B. Johnson Lakes,0,23,5.085261,0.31009,1,1,0,0,0
64,Point,{880CFE11-722D-42F3-93E4-1BF00BE0FE37},{511D2AC8-11BA-45FC-AB98-F69D693D4C44},Watershed Boundary Dataset (WBD),Natural Resources and Conservation Service and U.S. Geological Survey, ,8/16/2024,1374921,845669.28,3422.31,TX,12070102,Yegua,0,28,3.287501,0.321219,18,1,0,0,0
67,Point,{5D1D6F77-6830-47A1-8799-0F13614B3925},{511D2AC8-11BA-45FC-AB98-F69D693D4C44},Watershed Boundary Dataset (WBD),Natural Resources and Conservation Service and U.S. Geological Survey, ,8/16/2024,"13,841,481,374,557",1726270.41,6985.97,TX,12070101,Lower Brazos-Little Brazos,0,31,7.502177,0.659162,37,1,0,0,0
69,Point,{16D818C5-A997-44B0-9C5E-5E8CF85CE6EF},{511D2AC8-11BA-45FC-AB98-F69D693D4C44},Watershed Boundary Dataset (WBD),Natural Resources and Conservation Service and U.S. Geological Survey, ,8/16/2024,1375099,1437551.29,5817.57,TX,12070103,Navasota,0,33,5.573396,0.550088,35,1,0,0,0
73,Point,{AEF13E93-C1A9-4E29-9A89-791E6F2C8965},{511D2AC8-11BA-45FC-AB98-F69D693D4C44},Watershed Boundary Dataset (WBD),Natural Resources and Conservation Service and U.S. Geological Survey, ,8/16/2024,1377682,644887.19,2609.77,TX,12100204,Lower Guadalupe,0,37,3.300357,0.241364,1,1,0,0,0
77,Point,{7CE16AD6-8AA6-4A81-BE84-404DF558EBD1},{511D2AC8-11BA-45FC-AB98-F69D693D4C44},Watershed Boundary Dataset (WBD),Natural Resources and Conservation Service and U.S. Geological Survey, ,8/16/2024,1375466,421223.95,1704.63,TX,12020007,Pine Island Bayou,0,41,4.48052,0.159731,2,1,0,0,0
90,Point,{50259693-15B1-440E-9947-29374263A29A},{511D2AC8-11BA-45FC-AB98-F69D693D4C44},Watershed Boundary Dataset (WBD),Natural Resources and Conservation Service and U.S. Geological Survey, ,8/16/2024,917001,1051475.53,4255.17,TX,12070104,Lower Brazos,0,54,6.682895,0.396269,17,1,0,0,0
91,Point,{82989EC5-AFE2-4186-AFDF-638009161F05},{511D2AC8-11BA-45FC-AB98-F69D693D4C44},Watershed Boundary Dataset (WBD),Natural Resources and Conservation Service and U.S. Geological Survey, ,9/4/2024,1381144,682156.46,2760.59,"LA,TX",12040202,East Galveston Bay,0,55,6.467989,0.158161,25,1,0,0,0
92,Point,{D28327E7-4DE2-4B3A-83F5-F80168456B26},{589EBACF-9A8A-4F96-9591-0559E92FD277}, , , ,5/26/2021,1765055,878709.92,3556.02,TX,12100401,Central Matagorda Bay,0,56,7.722047,0.229784,3,1,0,0,0
95,Point,{EC6AE52E-5E90-4BD3-BB32-476CE9C08F26},{511D2AC8-11BA-45FC-AB98-F69D693D4C44},Watershed Boundary Dataset (WBD),Natural Resources and Conservation Service and U.S. Geological Survey, ,8/16/2024,"13,848,791,472,006",445808.96,1804.13,TX,12040205,Austin-Oyster,0,59,6.331434,0.142266,7,1,0,0,0
97,Point,{96AB245E-21D1-48D8-8646-9FFF546B36EF},{511D2AC8-11BA-45FC-AB98-F69D693D4C44},Watershed Boundary Dataset (WBD),Natural Resources and Conservation Service and U.S. Geological Survey, ,8/16/2024,1377682,1368578.81,5538.45,TX,12100202,Middle Guadalupe,0,61,5.93744,0.515224,6,1,0,0,0
98,Point,{FCA1485D-7172-46BB-80B0-B0B36FE59FB1},{511D2AC8-11BA-45FC-AB98-F69D693D4C44},Watershed Boundary Dataset (WBD),Natural Resources and Conservation Service and U.S. Geological Survey, ,8/16/2024,1373653,1189410.83,4813.38,TX,12030103,Elm Fork Trinity,0,62,4.228055,0.466371,32,1,0,0,0
102,Point,{E85A91C3-3123-432A-8D63-6837B73232BC},{511D2AC8-11BA-45FC-AB98-F69D693D4C44},Watershed Boundary Dataset (WBD),Natural Resources and Conservation Service and U.S. Geological Survey, ,8/16/2024,1346301,93719.64,379.27,TX,12100404,West San Antonio Bay,0,66,1.803575,0.020697,3,1,0,0,0
104,Point,{CC00BFC3-FF4E-4946-A27B-FB5BC9430ECA},{511D2AC8-11BA-45FC-AB98-F69D693D4C44},Watershed Boundary Dataset (WBD),Natural Resources and Conservation Service and U.S. Geological Survey, ,8/16/2024,1383210,1252206.62,5067.5,TX,12030101,Upper West Fork Trinity,0,68,4.472178,0.490404,2,1,0,0,0
105,Point,{94D8A102-74BF-4C37-9C3B-D42C1C01B5D4},{511D2AC8-11BA-45FC-AB98-F69D693D4C44},Watershed Boundary Dataset (WBD),Natural Resources and Conservation Service and U.S. Geological Survey, ,8/16/2024,77456,582265.75,2356.35,TX,12100101,Lavaca,0,69,3.656321,0.218405,1,1,0,0,0
109,Point,{DCE5F5CF-B54A-40D4-B6F2-6D62227C2819},{511D2AC8-11BA-45FC-AB98-F69D693D4C44},Watershed Boundary Dataset (WBD),Natural Resources and Conservation Service and U.S. Geological Survey, ,8/16/2024,"13,841,491,373,314",1405604.29,5688.28,TX,12090301,Lower Colorado-Cummins,0,73,4.969681,0.532068,88,1,0,0,0
112,Point,{440A11F3-AC11-437F-AA53-34FBA88B5B18},{511D2AC8-11BA-45FC-AB98-F69D693D4C44},Watershed Boundary Dataset (WBD),Natural Resources and Conservation Service and U.S. Geological Survey, ,8/16/2024,"13,841,481,376,774",1598522.9,6469,TX,12060202,Middle Brazos-Lake Whitney,0,76,5.952965,0.617506,12,1,0,0,0
115,Point,{95330B3E-9F51-4659-96FF-2B29A16DE69A},{511D2AC8-11BA-45FC-AB98-F69D693D4C44},Watershed Boundary Dataset (WBD),Natural Resources and Conservation Service and U.S. Geological Survey, ,8/16/2024,555872,1784478.28,7221.53,"LA,TX",12010002,Middle Sabine,0,79,6.421561,0.678066,10,1,0,0,0
116,Point,{DF67FC4B-79F8-47C8-BB8B-7E6F9FDCFF62},{511D2AC8-11BA-45FC-AB98-F69D693D4C44},Watershed Boundary Dataset (WBD),Natural Resources and Conservation Service and U.S. Geological Survey, ,8/16/2024,1375103,1244512.34,5036.37,TX,12020001,Upper Neches,0,80,4.867471,0.480781,4,1,0,0,0
117,Point,{521991D2-3DAF-4BF9-8C71-77DA60240EB0},{511D2AC8-11BA-45FC-AB98-F69D693D4C44},Watershed Boundary Dataset (WBD),Natural Resources and Conservation Service and U.S. Geological Survey, ,9/4/2024,1383087,636827.77,2577.15,TX,12040103,East Fork San Jacinto,0,81,2.848628,0.241902,5,1,0,0,0
118,Point,{360E1245-B57D-43DA-BB23-95F8B43DD053},{511D2AC8-11BA-45FC-AB98-F69D693D4C44},Watershed Boundary Dataset (WBD),Natural Resources and Conservation Service and U.S. Geological Survey, ,8/16/2024,1375955,950343.56,3845.91,TX,12100303,Lower San Antonio,0,82,6.43594,0.355792,2,1,0,0,0
121,Point,{5FE25646-4639-425E-A9F8-F0ADE1038245},{511D2AC8-11BA-45FC-AB98-F69D693D4C44},Watershed Boundary Dataset (WBD),Natural Resources and Conservation Service and U.S. Geological Survey, ,8/16/2024,1385454,1789925.66,7243.58,TX,12060102,Upper Clear Fork Brazos,0,85,5.597705,0.695557,2,1,0,0,0
122,Point,{6A6996F4-CABE-4667-A6D9-379DF588C296},{511D2AC8-11BA-45FC-AB98-F69D693D4C44},Watershed Boundary Dataset (WBD),Natural Resources and Conservation Service and U.S. Geological Survey, ,8/16/2024,1375144,795789.97,3220.45,TX,12060204,North Bosque,0,86,4.005954,0.307176,4,1,0,0,0
123,Point,{1440D937-4873-47EF-B0CC-A8ACC1646E0D},{511D2AC8-11BA-45FC-AB98-F69D693D4C44},Watershed Boundary Dataset (WBD),Natural Resources and Conservation Service and U.S. Geological Survey, ,8/16/2024,1375957,679523.37,2749.94,TX,12090401,San Bernard,0,87,4.605653,0.255318,17,1,0,0,0
124,Point,{5925523F-3C92-4375-A406-A090470CA257},{511D2AC8-11BA-45FC-AB98-F69D693D4C44},Watershed Boundary Dataset (WBD),Natural Resources and Conservation Service and U.S. Geological Survey, ,8/16/2024,1373547,834063.86,3375.34,TX,12030106,East Fork Trinity,0,88,3.451676,0.32614,58,1,0,0,0
126,Point,{6E7C7EAF-1F8A-4637-B9B4-7425BE260024},{511D2AC8-11BA-45FC-AB98-F69D693D4C44},Watershed Boundary Dataset (WBD),Natural Resources and Conservation Service and U.S. Geological Survey, ,8/16/2024,1375971,869793.21,3519.93,TX,12100203,San Marcos,0,90,4.405813,0.328709,19,1,0,0,0
127,Point,{E391B6F6-95AC-4374-B6DE-8C82D952B58D},{511D2AC8-11BA-45FC-AB98-F69D693D4C44},Watershed Boundary Dataset (WBD),Natural Resources and Conservation Service and U.S. Geological Survey, ,8/16/2024,1380234,896734.64,3628.96,TX,12100102,Navidad,0,91,3.628814,0.337203,5,1,0,0,0
128,Point,{77009020-6339-491C-9456-A791D073D4FA},{511D2AC8-11BA-45FC-AB98-F69D693D4C44},Watershed Boundary Dataset (WBD),Natural Resources and Conservation Service and U.S. Geological Survey, ,8/16/2024,555872,874337.11,3538.32,TX,12010001,Upper Sabine,0,92,3.741166,0.34093,5,1,0,0,0
129,Point,{30F6185E-BCA4-4683-ABD6-A600BD77CD36},{511D2AC8-11BA-45FC-AB98-F69D693D4C44},Watershed Boundary Dataset (WBD),Natural Resources and Conservation Service and U.S. Geological Survey, ,8/16/2024,1094582,1933335.28,7823.94,TX,12070201,Leon,0,93,7.69372,0.745437,3,1,0,0,0
130,Point,{D55F3FE0-77BC-44A5-9E3C-95B3EF3AEA45},{511D2AC8-11BA-45FC-AB98-F69D693D4C44},Watershed Boundary Dataset (WBD),Natural Resources and Conservation Service and U.S. Geological Survey, ,8/16/2024,1377682,916889.1,3710.52,TX,12100201,Upper Guadalupe,0,94,4.483521,0.346895,1,1,0,0,0
131,Point,{AECE5ED4-A0F8-4B2C-BA86-14D1E2BF433C},{511D2AC8-11BA-45FC-AB98-F69D693D4C44},Watershed Boundary Dataset (WBD),Natural Resources and Conservation Service and U.S. Geological Survey, ,8/16/2024,1100586,642121.88,2598.58,TX,12070204,Little,0,95,3.557448,0.245189,9,1,0,0,0
132,Point,{C2B5301A-EB77-4087-9C5E-53C21671BED8},{511D2AC8-11BA-45FC-AB98-F69D693D4C44},Watershed Boundary Dataset (WBD),Natural Resources and Conservation Service and U.S. Geological Survey, ,8/16/2024,"13,848,791,856,382",794174.31,3213.91,TX,12090205,Austin-Travis Lakes,0,96,3.93091,0.301586,32,1,0,0,0
133,Point,{2E4DD442-0318-4E4B-92A4-5E70C0192CB7},{511D2AC8-11BA-45FC-AB98-F69D693D4C44},Watershed Boundary Dataset (WBD),Natural Resources and Conservation Service and U.S. Geological Survey, ,8/16/2024,1383210,968995.81,3921.39,TX,12030102,Lower West Fork Trinity,0,97,3.723311,0.377136,35,1,0,0,0
136,Point,{7B933A6E-0747-4076-A119-46C9A0271C8C},{511D2AC8-11BA-45FC-AB98-F69D693D4C44},Watershed Boundary Dataset (WBD),Natural Resources and Conservation Service and U.S. Geological Survey, ,8/16/2024,1332832,546630.4,2212.14,TX,12100304,Cibolo,0,100,4.653489,0.20578,2,1,0,0,0
140,Point,{AB6420F5-A8E8-4327-B2C8-B2881E38FDC4},{511D2AC8-11BA-45FC-AB98-F69D693D4C44},Watershed Boundary Dataset (WBD),Natural Resources and Conservation Service and U.S. Geological Survey, ,8/16/2024,"13,487,891,376,408",1347845.36,5454.54,TX,12030201,Lower Trinity-Tehuacana,0,104,4.854407,0.518843,10,1,0,0,0
141,Point,{24F57374-E0C0-4F7B-9F13-FEA09B6E7238},{511D2AC8-11BA-45FC-AB98-F69D693D4C44},Watershed Boundary Dataset (WBD),Natural Resources and Conservation Service and U.S. Geological Survey, ,8/16/2024,1360911,967886.36,3916.9,TX,12070203,Lampasas,0,105,4.077312,0.370484,28,1,0,0,0
142,Point,{E48AC8D8-4488-42E5-9E97-AF4A0D07BEE1},{511D2AC8-11BA-45FC-AB98-F69D693D4C44},Watershed Boundary Dataset (WBD),Natural Resources and Conservation Service and U.S. Geological Survey, ,8/16/2024,1373264,465569,1884.09,TX,12070202,Cowhouse,0,106,3.342792,0.17867,3,1,0,0,0
150,Point,{9AB54D5E-5784-4389-BE5D-078B1669E05B},{511D2AC8-11BA-45FC-AB98-F69D693D4C44},Watershed Boundary Dataset (WBD),Natural Resources and Conservation Service and U.S. Geological Survey, ,8/16/2024,1383208,692250.96,2801.44,TX,12040101,West Fork San Jacinto,0,114,3.753042,0.263006,13,1,0,0,0
151,Point,{F8359F87-CF00-4DF2-A57F-E6FA268E274A},{511D2AC8-11BA-45FC-AB98-F69D693D4C44},Watershed Boundary Dataset (WBD),Natural Resources and Conservation Service and U.S. Geological Survey, ,8/16/2024,1367498,874720.83,3539.87,TX,12070205,San Gabriel,0,115,3.908904,0.333165,108,1,0,0,0
152,Point,{596D53E8-450D-4BBD-83CA-5B6ABF8BBE5E},{2F42D1FB-7624-4C17-A5F6-ECFEE2271019},Watershed Boundary Dataset (WBD),Natural Resources and Conservation Service and U.S. Geological Survey, ,10/1/2024,1375103,705886.31,2856.62,TX,12020003,Lower Neches,0,116,6.230767,0.268804,12,1,0,0,0
153,Point,{2EE33259-EF13-447B-AACD-1729C2D89B21},{2F42D1FB-7624-4C17-A5F6-ECFEE2271019},Watershed Boundary Dataset (WBD),Natural Resources and Conservation Service and U.S. Geological Survey, ,10/1/2024,58804,718595.14,2908.05,TX,12020006,Village,0,117,4.29877,0.273514,5,1,0,0,0
154,Point,{FBC20BCC-3393-40EF-AF9A-C02B5BFE6E7E},{2F42D1FB-7624-4C17-A5F6-ECFEE2271019},Watershed Boundary Dataset (WBD),Natural Resources and Conservation Service and U.S. Geological Survey, ,10/1/2024,"13,487,891,360,622",2085520.81,8439.81,TX,12030202,Lower Trinity-Kickapoo,0,118,6.080141,0.796654,14,1,0,0,0
155,Point,{4729E7EB-D5C4-44EE-8516-F1C208709C4D},{2F42D1FB-7624-4C17-A5F6-ECFEE2271019},Watershed Boundary Dataset (WBD),Natural Resources and Conservation Service and U.S. Geological Survey, ,10/1/2024,1348789,514528.7,2082.23,TX,12030203,Lower Trinity,0,119,3.301953,0.194787,4,1,0,0,0
156,Point,{C6163825-36ED-4ED3-B8BF-E454892F8B9A},{2F42D1FB-7624-4C17-A5F6-ECFEE2271019},Watershed Boundary Dataset (WBD),Natural Resources and Conservation Service and U.S. Geological Survey, ,10/1/2024,555872,1694147.96,6855.98,"LA,TX",12010005,Lower Sabine,0,120,5.652047,0.345391,5,1,0,0,0
165,Point,{4DCBD86A-6C5A-4478-A471-DF747D30FDCC},{511D2AC8-11BA-45FC-AB98-F69D693D4C44},Watershed Boundary Dataset (WBD),Natural Resources and Conservation Service and U.S. Geological Survey, ,8/16/2024,"675,557,324,896",926088.53,3747.75,"AR,OK,TX",11140106,Pecan-Waterhole,0,28,5.36836,0.203767,2,1,0,0,0
166,Point,{E21655DC-A723-4033-A12B-772655EE7F49},{511D2AC8-11BA-45FC-AB98-F69D693D4C44},Watershed Boundary Dataset (WBD),Natural Resources and Conservation Service and U.S. Geological Survey, ,8/16/2024,1340072,454415.15,1838.95,TX,11140307,Little Cypress,0,29,3.297686,0.176902,2,1,0,0,0
171,Point,{B2E829E2-B3A0-41AC-86F9-3AAEE1697AB8},{511D2AC8-11BA-45FC-AB98-F69D693D4C44},Watershed Boundary Dataset (WBD),Natural Resources and Conservation Service and U.S. Geological Survey, ,8/16/2024,553850,765363.2,3097.32,"LA,TX",11140306,Caddo Lake,0,36,3.414931,0.271351,10,1,0,0,0
179,Point,{7A27BCDD-6D5D-4D15-80A5-AF4CD7A4B46A},{511D2AC8-11BA-45FC-AB98-F69D693D4C44},Watershed Boundary Dataset (WBD),Natural Resources and Conservation Service and U.S. Geological Survey, ,8/16/2024,473862,654028.35,2646.76,"OK,TX",11130206,Wichita,0,56,4.445593,0.257829,1,1,0,0,0
183,Point,{8DAA1E17-27B3-4553-8AD1-34DD83292786},{511D2AC8-11BA-45FC-AB98-F69D693D4C44},Watershed Boundary Dataset (WBD),Natural Resources and Conservation Service and U.S. Geological Survey, ,8/16/2024,1371387,510623.05,2066.42,TX,11140303,White Oak Bayou,0,64,3.378379,0.199873,1,1,0,0,0
186,Point,{73FA15B5-7DD6-43B8-87F0-9AD8E6928F72},{511D2AC8-11BA-45FC-AB98-F69D693D4C44},Watershed Boundary Dataset (WBD),Natural Resources and Conservation Service and U.S. Geological Survey, ,8/16/2024,1361501,949179.46,3841.2,TX,11130209,Little Wichita,0,75,4.074472,0.373478,3,1,0,0,0
192,Point,{3477E9D5-942F-4D9C-959E-9EA4C1AE91AB},{511D2AC8-11BA-45FC-AB98-F69D693D4C44},Watershed Boundary Dataset (WBD),Natural Resources and Conservation Service and U.S. Geological Survey, ,8/16/2024,78492,1167315.07,4723.96,"AR,TX",11140302,Lower Sulpher,0,122,4.552168,0.410891,4,1,0,0,0
193,Point,{9D9F89BC-971C-4B87-933C-2109901B86C2},{511D2AC8-11BA-45FC-AB98-F69D693D4C44},Watershed Boundary Dataset (WBD),Natural Resources and Conservation Service and U.S. Geological Survey, ,8/16/2024,1102966,634970.51,2569.64,"OK,TX",11130210,Lake Texoma,0,123,2.291154,0.106823,1,1,0,0,0
197,Point,{405BFC6C-8D16-4867-98E3-960548230FA4},{511D2AC8-11BA-45FC-AB98-F69D693D4C44},Watershed Boundary Dataset (WBD),Natural Resources and Conservation Service and U.S. Geological Survey, ,8/16/2024,"13,830,381,101,483",1269423.13,5137.18,"OK,TX",11140101,Bois D'arc-Island,0,136,4.961548,0.361417,8,1,0,0,0
198,Point,{045F294B-CE8E-4637-BA91-5AE2B44DA39F},{511D2AC8-11BA-45FC-AB98-F69D693D4C44},Watershed Boundary Dataset (WBD),Natural Resources and Conservation Service and U.S. Geological Survey, ,8/16/2024,1375468,566108.3,2290.96,TX,11140305,Lake O'the Pines,0,137,3.293866,0.221022,2,1,0,0,0
201,Point,{0C39E6A1-9C7D-4165-80B2-E284DA2F1BAD},{511D2AC8-11BA-45FC-AB98-F69D693D4C44},Watershed Boundary Dataset (WBD),Natural Resources and Conservation Service and U.S. Geological Survey, ,8/16/2024,"10,902,641,332,764",492883.7,1994.63,"OK,TX",11130102,Blue-China,0,142,3.319021,0.095608,1,1,0,0,0
203,Point,{85580D66-9CCF-42A5-9128-6E236557D4D2},{511D2AC8-11BA-45FC-AB98-F69D693D4C44},Watershed Boundary Dataset (WBD),Natural Resources and Conservation Service and U.S. Geological Survey, ,8/16/2024,"5,607,281,543,899",1485137.22,6010.14,"OK,TX",11130201,Farmers-Mud,0,159,4.634209,0.210636,5,1,0,0,0
206,Point,{3B5C74DA-00B3-49EA-AEDB-E9065295956E},{511D2AC8-11BA-45FC-AB98-F69D693D4C44},Watershed Boundary Dataset (WBD),Natural Resources and Conservation Service and U.S. Geological Survey, ,8/16/2024,78492,734889.8,2974,TX,11140301,Sulphur Headwaters,0,165,3.001158,0.288267,2,1,0,0,0
2,Point,{E7448853-7D2C-45C0-B410-3F7FABD6C00D},{511D2AC8-11BA-45FC-AB98-F69D693D4C44},Watershed Boundary Dataset (WBD),Natural Resources and Conservation Service and U.S. Geological Survey, ,8/16/2024,1379150,704471.46,2850.9,TX,13040204,Terlingua,0,7,4.139386,0.265579,0,0,177673,179079,1406
7,Point,{0836CDB5-9793-4823-874A-DB58BC815AC6},{511D2AC8-11BA-45FC-AB98-F69D693D4C44},Watershed Boundary Dataset (WBD),Natural Resources and Conservation Service and U.S. Geological Survey, ,8/16/2024,"13,660,811,346,563",1564784.36,6332.46,"MX,TX",13040208,Reagan-Sanderson,0,12,5.394834,0.174558,0,0,267727,269904,2177
0,Point,{ECEA938E-2A52-4206-BC5E-F55C4C389F41},{511D2AC8-11BA-45FC-AB98-F69D693D4C44},Watershed Boundary Dataset (WBD),Natural Resources and Conservation Service and U.S. Geological Survey, ,8/16/2024,"13,726,052,035,013",1792933.19,7255.75,"MX,TX",13040203,Black Hills-Fresno,0,1,2.549091,0.147351,0,0,213009,215526,2517
11,Point,{C0FCB8E9-52B2-474B-B27B-99DA6B9CC550},{511D2AC8-11BA-45FC-AB98-F69D693D4C44},Watershed Boundary Dataset (WBD),Natural Resources and Conservation Service and U.S. Geological Survey, ,8/16/2024,1384150,636010.75,2573.85,TX,13070012,Lower Pecos,0,17,3.356563,0.240846,0,0,474687,477359,2672
4,Point,{A4F37DCE-9241-4623-AA08-C0FAF12FBE7D},{511D2AC8-11BA-45FC-AB98-F69D693D4C44},Watershed Boundary Dataset (WBD),Natural Resources and Conservation Service and U.S. Geological Survey, ,8/16/2024,1374759,565760.55,2289.55,"MX,TX",13040210,Lozier Canyon,0,9,3.570379,0.214328,0,0,341278,345048,3770
9,Point,{75843ED4-374F-4854-8745-061C0398EEE4},{511D2AC8-11BA-45FC-AB98-F69D693D4C44},Watershed Boundary Dataset (WBD),Natural Resources and Conservation Service and U.S. Geological Survey, ,8/16/2024,1346677,559036.91,2262.34,TX,13040207,Santiago Draw,0,14,3.641581,0.211053,0,0,164017,169187,5170
32,Point,{659640EB-923B-48DF-8104-A6A8319FF8A4},{511D2AC8-11BA-45FC-AB98-F69D693D4C44},Watershed Boundary Dataset (WBD),Natural Resources and Conservation Service and U.S. Geological Survey, ,8/16/2024,1381176,840330.11,3400.7,TX,13040206,Maravillas,0,68,4.37214,0.31771,0,0,193762,199933,6171
24,Point,{D62E5099-BD0C-4CB9-B942-617CB252CA50},{511D2AC8-11BA-45FC-AB98-F69D693D4C44},Watershed Boundary Dataset (WBD),Natural Resources and Conservation Service and U.S. Geological Survey, ,8/16/2024,915754,493523.75,1997.22,TX,13070010,Independence,0,55,2.715735,0.187797,0,0,508132,514597,6465
8,Point,{BA05CD04-7D11-4561-950D-FAADA4BFEAD4},{511D2AC8-11BA-45FC-AB98-F69D693D4C44},Watershed Boundary Dataset (WBD),Natural Resources and Conservation Service and U.S. Geological Survey, ,8/16/2024,1380912,655222.69,2651.59,TX,13040209,San Francisco,0,13,3.605929,0.247986,0,0,241358,248613,7255
199,Point,{B69D7091-F648-4235-A48E-73B7CD4C59F4},{511D2AC8-11BA-45FC-AB98-F69D693D4C44},Watershed Boundary Dataset (WBD),Natural Resources and Conservation Service and U.S. Geological Survey, ,8/16/2024,534281,498611.41,2017.81,"AR,LA,TX",11140304,Cross Bayou,0,139,1.825477,0.057169,0,0,30855.9,41185.898,10329.99805
134,Point,{08095111-874B-4038-AFC3-22F8A2A29C02},{511D2AC8-11BA-45FC-AB98-F69D693D4C44},Watershed Boundary Dataset (WBD),Natural Resources and Conservation Service and U.S. Geological Survey, ,8/16/2024,1375955,324391.55,1312.77,TX,12100301,Upper San Antonio,0,98,2.272373,0.122081,0,0,28708.4,40301.602,11593.20117
144,Point,{37DD63A1-B02D-40C9-B156-AF1459619CDD},{511D2AC8-11BA-45FC-AB98-F69D693D4C44},Watershed Boundary Dataset (WBD),Natural Resources and Conservation Service and U.S. Geological Survey, ,8/16/2024,1346301,332502.51,1345.59,TX,12100403,East San Antonio Bay,0,108,6.394313,0.055451,0,0,22148.9,34779.398,12630.49805
29,Point,{4B0E12BF-F93D-429E-A18F-F1921F7A3EB0},{511D2AC8-11BA-45FC-AB98-F69D693D4C44},Watershed Boundary Dataset (WBD),Natural Resources and Conservation Service and U.S. Geological Survey, ,8/16/2024,1858775,1769679.71,7161.65,"MX,TX",13040212,Amistad Reservoir,0,61,3.623196,0.09818,0,0,437306,451522,14216
23,Point,{63249BFE-10EA-4C00-B08A-9E8DA4EE2597},{511D2AC8-11BA-45FC-AB98-F69D693D4C44},Watershed Boundary Dataset (WBD),Natural Resources and Conservation Service and U.S. Geological Survey, ,8/16/2024,898513,999529.16,4044.95,"MX,TX",13040202,Alamito,0,54,4.725229,0.378497,0,0,435073,450038,14965
13,Point,{4D3A1F8A-8344-475A-8ECD-82B077085B19},{511D2AC8-11BA-45FC-AB98-F69D693D4C44},Watershed Boundary Dataset (WBD),Natural Resources and Conservation Service and U.S. Geological Survey, ,8/16/2024,727830,619084.09,2505.35,TX,13070009,Tunas,0,19,3.174941,0.235854,0,0,722417,738225,15808
16,Point,{D45F9DE2-A063-4F07-83F0-8B571062F7F1},{511D2AC8-11BA-45FC-AB98-F69D693D4C44},Watershed Boundary Dataset (WBD),Natural Resources and Conservation Service and U.S. Geological Survey, ,8/16/2024,"13,731,101,375,677",2353017.84,9522.33,"MX,TX",13040201,Cibolo-Red Light,0,38,7.555791,0.532473,0,0,558168,574150,15982
14,Point,{14B0DCC8-8CAF-4D94-AE81-7960FEF51568},{511D2AC8-11BA-45FC-AB98-F69D693D4C44},Watershed Boundary Dataset (WBD),Natural Resources and Conservation Service and U.S. Geological Survey, ,8/16/2024,1364996,1226098.65,4961.85,TX,13070008,Pecos,0,20,4.677477,0.46834,0,0,602137,618832,16695
149,Point,{8C30B667-587E-4A4B-9B9C-C595D1F5C0CF},{511D2AC8-11BA-45FC-AB98-F69D693D4C44},Watershed Boundary Dataset (WBD),Natural Resources and Conservation Service and U.S. Geological Survey, ,8/16/2024,1329648,587705.4,2378.36,TX,12100405,Aransas Bay,0,113,8.935998,0.153846,0,0,31484.801,48854.102,17369.30078
31,Point,{DAF41376-1820-4581-B425-ABE39A66DB6F},{511D2AC8-11BA-45FC-AB98-F69D693D4C44},Watershed Boundary Dataset (WBD),Natural Resources and Conservation Service and U.S. Geological Survey, ,8/16/2024,1372532,514979.55,2084.05,TX,13040211,Big Canyon,0,63,4.095342,0.195523,0,0,391436,411395,19959
173,Point,{67742DC5-51DF-47EF-896A-5299E75C3247},{511D2AC8-11BA-45FC-AB98-F69D693D4C44},Watershed Boundary Dataset (WBD),Natural Resources and Conservation Service and U.S. Geological Survey, ,8/16/2024,1090264,437189.04,1769.24,OK,11140102,Blue,0,40,0.017705,0.000014,0,0,33974.602,55405.199,21430.59766
3,Point,{FDBA35E5-A5BE-4EF8-B852-D7B9D9589DE7},{511D2AC8-11BA-45FC-AB98-F69D693D4C44},Watershed Boundary Dataset (WBD),Natural Resources and Conservation Service and U.S. Geological Survey, ,8/16/2024,"13,732,701,373,967",947183.05,3833.12,TX,13070006,Coyanosa-Hackberry Draws,0,8,4.579253,0.360686,0,0,488844,511520,22676
60,Point,{BD67B944-2866-42FD-B41A-ADDEDF580AB8},{511D2AC8-11BA-45FC-AB98-F69D693D4C44},Watershed Boundary Dataset (WBD),Natural Resources and Conservation Service and U.S. Geological Survey, ,8/16/2024,1361576,1672919.51,6770.07,TX,12090204,Llano,0,24,5.323731,0.636764,0,0,108588,132099,23511
70,Point,{D46AEBCA-678D-4A26-940B-DA00776D92C9},{511D2AC8-11BA-45FC-AB98-F69D693D4C44},Watershed Boundary Dataset (WBD),Natural Resources and Conservation Service and U.S. Geological Survey, ,8/16/2024,1183196,682040.32,2760.12,TX,12060103,Paint,0,34,2.926211,0.266217,0,0,103556,130547,26991
145,Point,{30C74206-557A-450F-B887-BFA41368FAE9},{511D2AC8-11BA-45FC-AB98-F69D693D4C44},Watershed Boundary Dataset (WBD),Natural Resources and Conservation Service and U.S. Geological Survey, ,8/16/2024,558729,1516326.35,6136.36,"LA,TX",12010004,Toledo Bend Reservoir,0,109,4.196675,0.310019,0,0,74344,101550,27206
106,Point,{E16744F5-889A-4E7C-9069-CAC5E9BEC9D8},{511D2AC8-11BA-45FC-AB98-F69D693D4C44},Watershed Boundary Dataset (WBD),Natural Resources and Conservation Service and U.S. Geological Survey, ,8/16/2024,1362568,862808.85,3491.67,TX,12100302,Medina,0,70,4.57947,0.325143,0,0,91031.703,121891,30859.29688
108,Point,{C732AA17-7561-40FE-92B7-2E7CFA49D84C},{511D2AC8-11BA-45FC-AB98-F69D693D4C44},Watershed Boundary Dataset (WBD),Natural Resources and Conservation Service and U.S. Geological Survey, ,8/16/2024,1378035,269795.59,1091.82,TX,12060203,Bosque,0,72,1.98263,0.103689,0,0,87778.102,122005,34226.89844
26,Point,{F3B483B8-FEB1-4CF9-BF6B-0D49FE6A129C},{511D2AC8-11BA-45FC-AB98-F69D693D4C44},Watershed Boundary Dataset (WBD),Natural Resources and Conservation Service and U.S. Geological Survey, ,8/16/2024,1367372,5070143.03,20518.16,"NM,TX",13050004,Salt Basin,0,58,8.118731,1.363469,0,0,824733,859541,34808
207,Point,{F9AD0738-354E-4DA5-91AD-BB93B9C22534},{511D2AC8-11BA-45FC-AB98-F69D693D4C44},Watershed Boundary Dataset (WBD),Natural Resources and Conservation Service and U.S. Geological Survey, ,8/16/2024,1092583,594203.93,2404.66,"OK,TX",11120304,Elm Fork Red,0,167,2.195966,0.093552,0,0,415079,450071,34992
76,Point,{03064845-198E-485E-A09E-BF9EA69F05D8},{511D2AC8-11BA-45FC-AB98-F69D693D4C44},Watershed Boundary Dataset (WBD),Natural Resources and Conservation Service and U.S. Geological Survey, ,8/16/2024,1359487,708607.43,2867.64,TX,12110107,Hondo,0,40,3.134256,0.266487,0,0,157291,193104,35813
17,Point,{F4520465-84E1-4DB6-AB75-1DC6BFF2E8BE},{511D2AC8-11BA-45FC-AB98-F69D693D4C44},Watershed Boundary Dataset (WBD),Natural Resources and Conservation Service and U.S. Geological Survey, ,8/16/2024,"13,744,611,374,990",4056077.86,16414.38,"NM,TX",13070007,Landreth-Monument Draws,0,41,7.563043,1.177665,0,0,793256,829703,36447
147,Point,{F3B8227D-4800-464C-8136-46F257584B3C},{511D2AC8-11BA-45FC-AB98-F69D693D4C44},Watershed Boundary Dataset (WBD),Natural Resources and Conservation Service and U.S. Geological Survey, ,8/16/2024,1341738,664375.37,2688.63,TX,12100406,Mission,0,111,3.29378,0.246234,0,0,99076.5,136406,37329.5
181,Point,{DA7D2ECF-430E-4522-B2E6-4EA5676C4F20},{511D2AC8-11BA-45FC-AB98-F69D693D4C44},Watershed Boundary Dataset (WBD),Natural Resources and Conservation Service and U.S. Geological Survey, ,8/16/2024,1375939,798355.31,3230.83,"OK,TX",11120202,Lower Salt Fork Red,0,59,2.565073,0.138117,0,0,388801,429856,41055
138,Point,{B84235A4-8118-4B79-AE69-5A99113CF6B9},{511D2AC8-11BA-45FC-AB98-F69D693D4C44},Watershed Boundary Dataset (WBD),Natural Resources and Conservation Service and U.S. Geological Survey, ,8/16/2024,1380949,831182.07,3363.68,TX,12110111,Lower Nueces,0,102,4.088351,0.309119,0,0,164851,207091,42240
5,Point,{52540650-F352-4A89-8976-F5E66F3F6975},{511D2AC8-11BA-45FC-AB98-F69D693D4C44},Watershed Boundary Dataset (WBD),Natural Resources and Conservation Service and U.S. Geological Survey, ,8/16/2024,1385387,452613.06,1831.66,TX,13070005,Barrilla Draw,0,10,3.625963,0.172572,0,0,838499,881411,42912
205,Point,{E8D01C72-D0FF-49B2-896F-28A1CC0B61CF},{511D2AC8-11BA-45FC-AB98-F69D693D4C44},Watershed Boundary Dataset (WBD),Natural Resources and Conservation Service and U.S. Geological Survey, ,8/16/2024,532718,717103.33,2902.02,"LA,TX",11140206,Bayou Pierre,0,161,0.082279,0.000067,0,0,96388.797,141650,45261.20313
143,Point,{C9F2B865-AC18-43B0-ADC9-FD552858423A},{511D2AC8-11BA-45FC-AB98-F69D693D4C44},Watershed Boundary Dataset (WBD),Natural Resources and Conservation Service and U.S. Geological Survey, ,8/16/2024,1367538,1469609.15,5947.3,TX,12090109,San Saba,0,107,6.428263,0.561322,0,0,227783,273473,45690
172,Point,{040E6559-F5CA-4049-89D9-CD1B93B2E7B0},{511D2AC8-11BA-45FC-AB98-F69D693D4C44},Watershed Boundary Dataset (WBD),Natural Resources and Conservation Service and U.S. Geological Survey, ,8/16/2024,1372460,435106.08,1760.81,TX,11130207,Southern Beaver,0,37,2.927378,0.171694,0,0,67936.102,114364,46427.89844
189,Point,{7D2F705B-DE54-490E-BF4E-56966CF86621},{511D2AC8-11BA-45FC-AB98-F69D693D4C44},Watershed Boundary Dataset (WBD),Natural Resources and Conservation Service and U.S. Geological Survey, ,8/16/2024,51859,565161.49,2287.13,"AR,LA,TX",11140201,McKinney-Posten Bayous,0,110,0.360824,0.00653,0,0,86690.5,133345,46654.5
177,Point,{90AF91FA-A448-430E-9556-987E9214BD9B},{511D2AC8-11BA-45FC-AB98-F69D693D4C44},Watershed Boundary Dataset (WBD),Natural Resources and Conservation Service and U.S. Geological Survey, ,8/16/2024,1364065,1058950.99,4285.43,"OK,TX",11120302,Middle North Fork Red,0,54,2.455109,0.202759,0,0,484159,531375,47216
194,Point,{A2AB66E0-E467-429E-A77C-AB3DB398CFB4},{511D2AC8-11BA-45FC-AB98-F69D693D4C44},Watershed Boundary Dataset (WBD),Natural Resources and Conservation Service and U.S. Geological Survey, ,8/16/2024,"13,584,611,100,813",843428.44,3413.24,"OK,TX",11130101,Groesbeck-Sandy,0,124,3.91741,0.203591,0,0,180420,229904,49484
79,Point,{DFBA27C6-DADD-4CE8-83F9-2D62C90153C3},{511D2AC8-11BA-45FC-AB98-F69D693D4C44},Watershed Boundary Dataset (WBD),Natural Resources and Conservation Service and U.S. Geological Survey, ,8/16/2024,1373780,1498246.92,6063.2,TX,12110106,Upper Frio,0,43,5.173263,0.563071,0,0,201160,250692,49532
169,Point,{DB0ED8D7-D6A1-496D-9CA2-425CFA8EA117},{511D2AC8-11BA-45FC-AB98-F69D693D4C44},Watershed Boundary Dataset (WBD),Natural Resources and Conservation Service and U.S. Geological Survey, ,8/16/2024,741144,513565.63,2078.33,"OK,TX",11130105,Pease,0,34,3.569923,0.203098,0,0,130017,179597,49580
25,Point,{98E5DF6C-401A-4DEC-950F-67CA8B77937A},{511D2AC8-11BA-45FC-AB98-F69D693D4C44},Watershed Boundary Dataset (WBD),Natural Resources and Conservation Service and U.S. Geological Survey, ,8/16/2024,1374165,699059.82,2829,TX,13070011,Howard Draw,0,57,3.393707,0.266288,0,0,540097,590784,50687
120,Point,{AD970265-4D3D-4B55-92AF-27671EB0735E},{511D2AC8-11BA-45FC-AB98-F69D693D4C44},Watershed Boundary Dataset (WBD),Natural Resources and Conservation Service and U.S. Geological Survey, ,8/16/2024,1379369,893146.43,3614.44,TX,12110110,Atascosa,0,84,3.36609,0.334358,0,0,104635,159247,54612
125,Point,{CAB95263-E9C3-48DA-918B-C15398301A0B},{511D2AC8-11BA-45FC-AB98-F69D693D4C44},Watershed Boundary Dataset (WBD),Natural Resources and Conservation Service and U.S. Geological Survey, ,8/16/2024,1384149,882591.81,3571.73,TX,12080008,Upper Colorado,0,89,3.012385,0.340959,0,0,177043,232409,55366
157,Point,{6CE7C676-5823-439E-ADDF-D76C9B7137F2},{511D2AC8-11BA-45FC-AB98-F69D693D4C44},Watershed Boundary Dataset (WBD),Natural Resources and Conservation Service and U.S. Geological Survey, ,8/16/2024,1380949,522635.55,2115.03,TX,12110101,Nueces Headwaters,0,121,2.986211,0.197283,0,0,223408,279122,55714
63,Point,{317D1A8D-7930-4F70-9228-B1BC59F7F9C6},{511D2AC8-11BA-45FC-AB98-F69D693D4C44},Watershed Boundary Dataset (WBD),Natural Resources and Conservation Service and U.S. Geological Survey, ,8/16/2024,1385454,401912.95,1626.49,TX,12060104,Lower Clear Fork Brazos,0,27,2.819741,0.156851,0,0,121384,178381,56997
44,Point,{6460F058-4A58-4914-9B0F-EC5A2D90CC3A},{511D2AC8-11BA-45FC-AB98-F69D693D4C44},Watershed Boundary Dataset (WBD),Natural Resources and Conservation Service and U.S. Geological Survey, ,8/16/2024,1375938,1405303.34,5687.07,TX,12050007,Salt Fork Brazos,0,8,6.864149,0.551123,0,0,253845,311133,57288
6,Point,{3B586980-6AA0-4DF7-B884-04DBD160B265},{511D2AC8-11BA-45FC-AB98-F69D693D4C44},Watershed Boundary Dataset (WBD),Natural Resources and Conservation Service and U.S. Geological Survey, ,8/16/2024,1370063,719873.11,2913.23,TX,13070003,Toyah,0,11,3.933995,0.2751,0,0,1052630,1112070,59440
208,Point,{55670C16-D4AA-402B-8439-FEA9CBF2D333},{511D2AC8-11BA-45FC-AB98-F69D693D4C44},Watershed Boundary Dataset (WBD),Natural Resources and Conservation Service and U.S. Geological Survey, ,8/16/2024,1101723,942393.22,3813.73,"OK,TX",11130301,Washita Headwaters,0,173,2.205504,0.115218,0,0,542027,601679,59652
184,Point,{15541CBC-1E3F-44E8-ABB8-BC28FC5C8B4C},{511D2AC8-11BA-45FC-AB98-F69D693D4C44},Watershed Boundary Dataset (WBD),Natural Resources and Conservation Service and U.S. Geological Survey, ,8/16/2024,"11,018,811,092,010",1307195.19,5290.04,"OK,TX",11090201,Lower Canadian-Deer,0,71,0.817478,0.011008,0,0,614411,674740,60329
82,Point,{C3502E16-65D3-48CE-B940-8217C2493576},{511D2AC8-11BA-45FC-AB98-F69D693D4C44},Watershed Boundary Dataset (WBD),Natural Resources and Conservation Service and U.S. Geological Survey, ,8/16/2024,1373217,112018.88,453.32,TX,12110201,North Corpus Christi Bay,0,46,2.414267,0.02724,0,0,110992,171683,60691
84,Point,{9E5C0F8A-5CC1-4253-A8C7-CEBFDA3F71A6},{511D2AC8-11BA-45FC-AB98-F69D693D4C44},Watershed Boundary Dataset (WBD),Natural Resources and Conservation Service and U.S. Geological Survey, ,8/16/2024,1376715,587607,2377.96,TX,12110102,West Nueces,0,48,3.548653,0.221671,0,0,289472,351596,62124
89,Point,{A15BD712-117E-4FD2-A535-3476CBDD0348},{511D2AC8-11BA-45FC-AB98-F69D693D4C44},Watershed Boundary Dataset (WBD),Natural Resources and Conservation Service and U.S. Geological Survey, ,8/16/2024,1373435,1666497.78,6744.08,TX,12050004,Double Mountain Fork Brazos,0,53,8.688387,0.651612,0,0,278390,340605,62215
111,Point,{DAE3E565-56C0-422F-8AED-0C988288804C},{511D2AC8-11BA-45FC-AB98-F69D693D4C44},Watershed Boundary Dataset (WBD),Natural Resources and Conservation Service and U.S. Geological Survey, ,8/16/2024,1383191,597365.22,2417.45,TX,12090203,South Llano,0,75,2.907406,0.226502,0,0,216441,278994,62553
61,Point,{39F4798E-C18E-4CA3-97A7-56A372212535},{511D2AC8-11BA-45FC-AB98-F69D693D4C44},Watershed Boundary Dataset (WBD),Natural Resources and Conservation Service and U.S. Geological Survey, ,8/16/2024,1352814,514317.16,2081.37,TX,12090110,Brady,0,25,3.216483,0.196879,0,0,206485,269164,62679
87,Point,{6BFADC6C-FFC8-4756-9202-46328F53D6E1},{511D2AC8-11BA-45FC-AB98-F69D693D4C44},Watershed Boundary Dataset (WBD),Natural Resources and Conservation Service and U.S. Geological Survey, ,8/16/2024,1329654,548246.46,2218.68,TX,12100407,Aransas,0,51,2.776226,0.203553,0,0,121541,184743,63202
74,Point,{942DEF54-169A-4094-BA84-116C8C080E6A},{511D2AC8-11BA-45FC-AB98-F69D693D4C44},Watershed Boundary Dataset (WBD),Natural Resources and Conservation Service and U.S. Geological Survey, ,8/16/2024,1384149,1870784.64,7570.8,TX,12080002,Colorado Headwaters,0,38,6.536728,0.727723,0,0,248093,313604,65511
20,Point,{F165EB22-93E3-4F00-957B-4288971891C8},{511D2AC8-11BA-45FC-AB98-F69D693D4C44},Watershed Boundary Dataset (WBD),Natural Resources and Conservation Service and U.S. Geological Survey, ,8/16/2024,"13,841,501,366,124",1594962.06,6454.59,"NM,TX",13070001,Lower Pecos-Red Bluff Reservoir,0,44,6.053389,0.548739,0,0,987790,1053420,65630
110,Point,{5FBD834E-DC97-4CFA-869B-0BAD5FC0C92A},{511D2AC8-11BA-45FC-AB98-F69D693D4C44},Watershed Boundary Dataset (WBD),Natural Resources and Conservation Service and U.S. Geological Survey, ,8/16/2024,2471875,546539.92,2211.77,TX,12110109,San Miguel,0,74,3.162361,0.204597,0,0,152131,217806,65675
200,Point,{692F1658-FDB6-4C85-9DF7-ED445DBB0049},{511D2AC8-11BA-45FC-AB98-F69D693D4C44},Watershed Boundary Dataset (WBD),Natural Resources and Conservation Service and U.S. Geological Survey, ,8/16/2024,1376233,441645.1,1787.28,TX,11130205,South Wichita,0,140,3.288458,0.173718,0,0,200009,266175,66166
35,Point,{68FA9871-BFE9-49B3-9A79-007CFE616F6C},{511D2AC8-11BA-45FC-AB98-F69D693D4C44},Watershed Boundary Dataset (WBD),Natural Resources and Conservation Service and U.S. Geological Survey, ,8/16/2024,1373475,466679.06,1888.58,TX,13040303,Dry Devils,0,73,2.193149,0.176535,0,0,382021,448292,66271
22,Point,{A60591FC-8E2F-482D-99B5-3426DDC0CE5F},{511D2AC8-11BA-45FC-AB98-F69D693D4C44},Watershed Boundary Dataset (WBD),Natural Resources and Conservation Service and U.S. Geological Survey, ,8/16/2024,1373388,558421.13,2259.85,TX,13040302,Lower Devils,0,53,3.332767,0.210919,0,0,452111,518476,66365
27,Point,{8EE47EC0-EC28-4764-81DB-81FB752A9483},{511D2AC8-11BA-45FC-AB98-F69D693D4C44},Watershed Boundary Dataset (WBD),Natural Resources and Conservation Service and U.S. Geological Survey, ,8/16/2024,"13,854,321,379,791",1987062.42,8041.36,"MX,NM,TX",13040100,Rio Grande-Fort Quitman,0,59,4.07855,0.440857,0,0,891344,958352,67008
75,Point,{9736A546-E2C7-4A59-AC43-59751C7A81FE},{511D2AC8-11BA-45FC-AB98-F69D693D4C44},Watershed Boundary Dataset (WBD),Natural Resources and Conservation Service and U.S. Geological Survey, ,8/16/2024,"13,841,491,373,642",740767.17,2997.78,TX,12090101,Middle Colorado-Elm,0,39,3.37078,0.285788,0,0,158764,228120,69356
164,Point,{43E52098-BC42-4EF5-AB42-10E9F45BBD5D},{511D2AC8-11BA-45FC-AB98-F69D693D4C44},Watershed Boundary Dataset (WBD),Natural Resources and Conservation Service and U.S. Geological Survey, ,8/16/2024,1364171,701970.14,2840.77,TX,11130204,North Wichita,0,27,3.906564,0.276814,0,0,197916,268192,70276
36,Point,{DAB93F47-66B2-4472-89C0-70A8D7BC335B},{511D2AC8-11BA-45FC-AB98-F69D693D4C44},Watershed Boundary Dataset (WBD),Natural Resources and Conservation Service and U.S. Geological Survey, ,8/16/2024,920720,4295187.1,17382.02,"NM,TX",13050003,Tularosa Valley,0,74,1.52712,0.029398,0,0,1013160,1085250,72090
19,Point,{C9E1C313-B129-4612-A025-F1641A8F1541},{511D2AC8-11BA-45FC-AB98-F69D693D4C44},Watershed Boundary Dataset (WBD),Natural Resources and Conservation Service and U.S. Geological Survey, ,8/16/2024,1367422,1253155.06,5071.34,TX,13070004,Salt Draw,0,43,4.579027,0.480266,0,0,1206100,1278670,72570
72,Point,{63862AA3-83AD-4C54-A0DF-C5E874D9AA2B},{511D2AC8-11BA-45FC-AB98-F69D693D4C44},Watershed Boundary Dataset (WBD),Natural Resources and Conservation Service and U.S. Geological Survey, ,8/16/2024,1375152,950287.63,3845.68,TX,12090104,North Concho,0,36,4.20997,0.366147,0,0,284887,357915,73028
65,Point,{D72DCEAC-A74A-4B93-B219-990299899FBD},{511D2AC8-11BA-45FC-AB98-F69D693D4C44},Watershed Boundary Dataset (WBD),Natural Resources and Conservation Service and U.S. Geological Survey, ,8/16/2024,1338201,822707.41,3329.38,TX,12060105,Hubbard,0,29,3.130129,0.319727,0,0,143409,218070,74661
93,Point,{7E6192A1-E6EF-42F3-8920-A0E46E5E65C5},{511D2AC8-11BA-45FC-AB98-F69D693D4C44},Watershed Boundary Dataset (WBD),Natural Resources and Conservation Service and U.S. Geological Survey, ,8/16/2024,1373217,322454.23,1304.93,TX,12110202,South Corpus Christi Bay,0,57,5.264651,0.071147,0,0,123752,199530,75778
107,Point,{355CC9D7-BC5A-46D1-B208-45723BDE5B6A},{511D2AC8-11BA-45FC-AB98-F69D693D4C44},Watershed Boundary Dataset (WBD),Natural Resources and Conservation Service and U.S. Geological Survey, ,8/16/2024,"13,841,481,362,915",1612371.21,6525.04,TX,12060101,Middle Brazos-Millers,0,71,5.782721,0.632147,0,0,122199,199289,77090
195,Point,{F57AD8C6-B50C-4DD0-82B5-E760C1F01658},{511D2AC8-11BA-45FC-AB98-F69D693D4C44},Watershed Boundary Dataset (WBD),Natural Resources and Conservation Service and U.S. Geological Survey, ,8/16/2024,1101908,921555.2,3729.4,"OK,TX",11120105,Lower Prairie Dog Town Fork Red,0,125,4.027501,0.363532,0,0,311858,391752,79894
114,Point,{1475590C-ED33-49AF-B003-6FB2271BC930},{511D2AC8-11BA-45FC-AB98-F69D693D4C44},Watershed Boundary Dataset (WBD),Natural Resources and Conservation Service and U.S. Geological Survey, ,8/16/2024,486506,389415.37,1575.91,TX,12080007,Beals,0,78,2.430242,0.15071,0,0,245930,326317,80387
202,Point,{0F9DED8D-4228-4D43-A035-F4E409A6B84A},{511D2AC8-11BA-45FC-AB98-F69D693D4C44},Watershed Boundary Dataset (WBD),Natural Resources and Conservation Service and U.S. Geological Survey, ,8/16/2024,1371835,697597.02,2823.08,"OK,TX",11100203,Lower Wolf,0,150,1.621704,0.113296,0,0,674100,754798,80698
30,Point,{E3741117-A532-42CC-AC8C-48B1EC850AA6},{511D2AC8-11BA-45FC-AB98-F69D693D4C44},Watershed Boundary Dataset (WBD),Natural Resources and Conservation Service and U.S. Geological Survey, ,8/16/2024,"7,174,951,380,635",2626923.65,10630.79,"MX,TX",13080001,Elm-Sycamore,0,62,4.051189,0.377775,0,0,379876,461614,81738
148,Point,{02681065-7243-43DF-AE3D-2C31D65B11B1},{511D2AC8-11BA-45FC-AB98-F69D693D4C44},Watershed Boundary Dataset (WBD),Natural Resources and Conservation Service and U.S. Geological Survey, ,8/16/2024,1384149,1288349.11,5213.77,TX,12090106,Middle Colorado,0,112,4.860409,0.494882,0,0,151886,239558,87672
33,Point,{3FD74D32-C4FE-4269-989B-40048F345454},{511D2AC8-11BA-45FC-AB98-F69D693D4C44},Watershed Boundary Dataset (WBD),Natural Resources and Conservation Service and U.S. Geological Survey, ,8/16/2024,1092027,505780.21,2046.82,"NM,TX",13070002,Delaware,0,69,2.524843,0.183168,0,0,1229380,1317880,88500
88,Point,{ECE4494A-DFEC-4FBE-ABD1-FB3D21361037},{511D2AC8-11BA-45FC-AB98-F69D693D4C44},Watershed Boundary Dataset (WBD),Natural Resources and Conservation Service and U.S. Geological Survey, ,8/16/2024,1375387,909356.44,3680.04,TX,12090107,Pecan Bayou,0,52,4.543695,0.350904,0,0,122527,211997,89470
96,Point,{BE0CD3AA-55C7-40D4-A61E-0638904C2AD9},{511D2AC8-11BA-45FC-AB98-F69D693D4C44},Watershed Boundary Dataset (WBD),Natural Resources and Conservation Service and U.S. Geological Survey, ,8/16/2024,1374436,200287.26,810.53,TX,12110203,North Laguna Madre,0,60,4.031622,0.037848,0,0,155237,246906,91669
158,Point,{A6A4CD29-7F17-49B5-94B9-3115A3ABDCFF},{511D2AC8-11BA-45FC-AB98-F69D693D4C44},Watershed Boundary Dataset (WBD),Natural Resources and Conservation Service and U.S. Geological Survey, ,8/16/2024,1375178,588131.79,2380.09,TX,12090202,North Llano,0,122,2.657771,0.223653,0,0,246462,338324,91862
137,Point,{09DE5B91-C0E7-43EB-B881-AC36AD3872A2},{511D2AC8-11BA-45FC-AB98-F69D693D4C44},Watershed Boundary Dataset (WBD),Natural Resources and Conservation Service and U.S. Geological Survey, ,8/16/2024,1370215,997419.06,4036.42,TX,12110104,Turkey,0,101,3.414856,0.373464,0,0,332074,425304,93230
167,Point,{F4416DC8-B09D-4DBB-B779-44158BA1965E},{511D2AC8-11BA-45FC-AB98-F69D693D4C44},Watershed Boundary Dataset (WBD),Natural Resources and Conservation Service and U.S. Geological Survey, ,8/16/2024,1364108,955531.32,3866.9,TX,11130103,North Pease,0,31,4.567181,0.378668,0,0,405220,504416,99196
161,Point,{77C6F252-16B9-49C8-85B7-B8734661D0FE},{511D2AC8-11BA-45FC-AB98-F69D693D4C44},Watershed Boundary Dataset (WBD),Natural Resources and Conservation Service and U.S. Geological Survey, ,8/16/2024,1101271,1139708.04,4612.24,"OK,TX",11100201,Lower Beaver,0,12,2.417316,0.117108,0,0,731837,831435,99598
187,Point,{63E7B2C3-C45C-4FA7-BA47-F65008D7D04F},{511D2AC8-11BA-45FC-AB98-F69D693D4C44},Watershed Boundary Dataset (WBD),Natural Resources and Conservation Service and U.S. Geological Survey, ,8/16/2024,1371835,532828.17,2156.28,TX,11100202,Upper Wolf,0,83,3.159104,0.216083,0,0,669711,769679,99968
119,Point,{6A9797DE-61D3-4791-8FE1-A3E7AE849633},{511D2AC8-11BA-45FC-AB98-F69D693D4C44},Watershed Boundary Dataset (WBD),Natural Resources and Conservation Service and U.S. Geological Survey, ,8/16/2024,1342317,1987854.71,8044.57,"NM,TX",12080004,Mustang Draw,0,83,8.995611,0.631722,0,0,504481,606650,102169
78,Point,{D18ACA29-38A9-4355-BA1B-0F40D1D3D4A9},{511D2AC8-11BA-45FC-AB98-F69D693D4C44},Watershed Boundary Dataset (WBD),Natural Resources and Conservation Service and U.S. Geological Survey, ,8/16/2024,1373780,781483.67,3162.56,TX,12110108,Lower Frio,0,42,4.617615,0.291622,0,0,189170,294530,105360
15,Point,{A5C7FBBD-3D3E-4E24-87FA-5447F53F24AC},{511D2AC8-11BA-45FC-AB98-F69D693D4C44},Watershed Boundary Dataset (WBD),Natural Resources and Conservation Service and U.S. Geological Survey, ,8/16/2024,"1,384,150,903,894",2802954.19,11343.16,"NM,TX",13060011,Upper Pecos-Black,0,24,1.231383,0.017526,0,0,1304550,1410740,106190
21,Point,{FF9D1B76-9918-4D59-87E3-04AD5ED8B158},{511D2AC8-11BA-45FC-AB98-F69D693D4C44},Watershed Boundary Dataset (WBD),Natural Resources and Conservation Service and U.S. Geological Survey, ,8/16/2024,1373388,1691279.89,6844.37,TX,13040301,Upper Devils,0,51,4.285011,0.643419,0,0,429030,535908,106878
135,Point,{D41409AF-3137-44B5-A20B-D7E32D8F3A2A},{511D2AC8-11BA-45FC-AB98-F69D693D4C44},Watershed Boundary Dataset (WBD),Natural Resources and Conservation Service and U.S. Geological Survey, ,8/16/2024,1379582,789063.16,3193.23,TX,12090105,Concho,0,99,3.020947,0.302865,0,0,253067,360603,107536
113,Point,{798D4E37-E5B7-4D38-94BE-6B9DAF33D19A},{511D2AC8-11BA-45FC-AB98-F69D693D4C44},Watershed Boundary Dataset (WBD),Natural Resources and Conservation Service and U.S. Geological Survey, ,8/16/2024,1376335,1205650.78,4879.1,"NM,TX",12080006,Sulphur Springs Draw,0,77,5.85834,0.374836,0,0,412219,520938,108719
57,Point,{00485D9A-B9A4-4A89-876A-16193AB84C6B},{511D2AC8-11BA-45FC-AB98-F69D693D4C44},Watershed Boundary Dataset (WBD),Natural Resources and Conservation Service and U.S. Geological Survey, ,8/16/2024,1374296,501511.87,2029.55,TX,12090108,Jim Ned,0,21,3.012288,0.193604,0,0,173712,282742,109030
56,Point,{2D6853AF-88E1-48FF-BEC4-D1BD3DEF3769},{511D2AC8-11BA-45FC-AB98-F69D693D4C44},Watershed Boundary Dataset (WBD),Natural Resources and Conservation Service and U.S. Geological Survey, ,8/16/2024,1652786,814675.08,3296.88,TX,12110204,San Fernando,0,20,3.090249,0.301675,0,0,264256,378558,114302
175,Point,{F470B482-6E76-4B76-9BDF-3027B0543738},{511D2AC8-11BA-45FC-AB98-F69D693D4C44},Watershed Boundary Dataset (WBD),Natural Resources and Conservation Service and U.S. Geological Survey, ,8/16/2024,1375939,473932.5,1917.94,TX,11120201,Upper Salt Fork Red,0,49,2.697582,0.189511,0,0,428638,548680,120042
66,Point,{82EB8337-BD4D-4D74-89CA-A1DF310C7386},{511D2AC8-11BA-45FC-AB98-F69D693D4C44},Watershed Boundary Dataset (WBD),Natural Resources and Conservation Service and U.S. Geological Survey, ,8/16/2024,1375163,775363.92,3137.79,TX,12050003,North Fork Double Mountain Fork Brazos,0,30,4.903651,0.304401,0,0,365688,489339,123651
80,Point,{9BEDE025-C1BD-4A8F-BBAF-883E25B728C3},{511D2AC8-11BA-45FC-AB98-F69D693D4C44},Watershed Boundary Dataset (WBD),Natural Resources and Conservation Service and U.S. Geological Survey, ,8/16/2024,1384215,1363289.51,5517.04,TX,12110205,Baffin Bay,0,44,8.178871,0.483728,0,0,258856,383183,124327
204,Point,{D1E9CDDD-B3B8-4C11-95C3-C96B6FADB8F4},{511D2AC8-11BA-45FC-AB98-F69D693D4C44},Watershed Boundary Dataset (WBD),Natural Resources and Conservation Service and U.S. Geological Survey, ,8/16/2024,1101908,1378009.16,5576.61,TX,11120103,Upper Prairie Dog Town Fork Red,0,160,4.926629,0.549724,0,0,469259,594913,125654
28,Point,{92491071-FD30-4CA2-BB44-3F2C24CA4AE5},{511D2AC8-11BA-45FC-AB98-F69D693D4C44},Watershed Boundary Dataset (WBD),Natural Resources and Conservation Service and U.S. Geological Survey, ,8/16/2024,"1,380,946,899,715",3532103.3,14293.93,"MX,NM,TX",13030102,El Paso-Las Cruces,0,60,0.81356,0.024714,0,0,993909,1120070,126161
168,Point,{7436E959-0C5C-47DB-BF6B-AF761D6CC128},{511D2AC8-11BA-45FC-AB98-F69D693D4C44},Watershed Boundary Dataset (WBD),Natural Resources and Conservation Service and U.S. Geological Survey, ,8/16/2024,1362739,876719.94,3547.96,TX,11130104,Middle Pease,0,32,4.141892,0.346228,0,0,375251,501869,126618
81,Point,{7842ABE9-E3EB-448A-A840-17EE2777EB0B},{511D2AC8-11BA-45FC-AB98-F69D693D4C44},Watershed Boundary Dataset (WBD),Natural Resources and Conservation Service and U.S. Geological Survey, ,8/16/2024,1380949,2136526.31,8646.22,TX,12110105,Middle Nueces,0,45,5.274691,0.793549,0,0,249067,375961,126894
85,Point,{DF69A2AF-3DC8-45A4-AD8D-B823254AB26D},{511D2AC8-11BA-45FC-AB98-F69D693D4C44},Watershed Boundary Dataset (WBD),Natural Resources and Conservation Service and U.S. Geological Survey, ,8/16/2024,1380949,1202635.59,4866.9,TX,12110103,Upper Nueces,0,49,5.246353,0.448882,0,0,328622,457275,128653
162,Point,{0EBAD4F4-D40E-4101-BD22-7B00ED220B34},{511D2AC8-11BA-45FC-AB98-F69D693D4C44},Watershed Boundary Dataset (WBD),Natural Resources and Conservation Service and U.S. Geological Survey, ,8/16/2024,"11,018,811,368,992",1762816.55,7133.87,"OK,TX",11090106,Middle Canadian-Spring,0,20,5.400965,0.711159,0,0,567577,706028,138451
170,Point,{1F3C9349-4432-46F5-9216-FE1CA7F20477},{511D2AC8-11BA-45FC-AB98-F69D693D4C44},Watershed Boundary Dataset (WBD),Natural Resources and Conservation Service and U.S. Geological Survey, ,8/16/2024,1364065,754242.42,3052.31,TX,11120301,Upper North Fork Red,0,35,3.720695,0.302628,0,0,481056,623865,142809
99,Point,{C8EC6B7B-49B0-4548-8691-F2E73C386A1D},{511D2AC8-11BA-45FC-AB98-F69D693D4C44},Watershed Boundary Dataset (WBD),Natural Resources and Conservation Service and U.S. Geological Survey, ,8/16/2024,"13,418,451,346,891",1541728.1,6239.16,"NM,TX",12080003,Monument-Seminole Draws,0,63,2.977533,0.28496,0,0,741550,902835,161285
62,Point,{41C3C787-0C83-4462-A5D6-51D48042DBC9},{511D2AC8-11BA-45FC-AB98-F69D693D4C44},Watershed Boundary Dataset (WBD),Natural Resources and Conservation Service and U.S. Geological Survey, ,8/16/2024,930440,1034938.76,4188.25,TX,12050006,White,0,26,5.491228,0.408176,0,0,385248,547500,162252
1,Point,{98F6F707-35DE-4C8B-B2D8-1ED42457F589},{511D2AC8-11BA-45FC-AB98-F69D693D4C44},Watershed Boundary Dataset (WBD),Natural Resources and Conservation Service and U.S. Geological Survey, ,8/16/2024,"13,759,511,346,650",3691641.88,14939.56,"MX,TX",13080002,San Ambrosia-Santa Isabel,0,5,5.611217,0.411327,0,0,403779,587763,183984
146,Point,{097FA185-1005-4DFA-B18E-D6B879E6FF3C},{511D2AC8-11BA-45FC-AB98-F69D693D4C44},Watershed Boundary Dataset (WBD),Natural Resources and Conservation Service and U.S. Geological Survey, ,8/16/2024,1368663,855385.63,3461.63,TX,12090102,South Concho,0,110,3.501176,0.327391,0,0,403524,590432,186908
68,Point,{F7A51BFF-60F6-497D-B4A6-247EA5FDA650},{511D2AC8-11BA-45FC-AB98-F69D693D4C44},Watershed Boundary Dataset (WBD),Natural Resources and Conservation Service and U.S. Geological Survey, ,8/16/2024,1374910,1722907.86,6972.37,TX,12090103,Middle Concho,0,32,5.440856,0.661538,0,0,620174,808478,188304
163,Point,{670C6B94-17EB-4F61-9DCC-0F53CA640DA9},{511D2AC8-11BA-45FC-AB98-F69D693D4C44},Watershed Boundary Dataset (WBD),Natural Resources and Conservation Service and U.S. Geological Survey, ,8/16/2024,1096392,1239605.41,5016.51,"OK,TX",11100104,Palo Duro,0,21,4.380941,0.464708,0,0,680135,878480,198345
159,Point,{5E1A0EF5-FE0E-495E-9893-5B3A21B8B3FB},{511D2AC8-11BA-45FC-AB98-F69D693D4C44},Watershed Boundary Dataset (WBD),Natural Resources and Conservation Service and U.S. Geological Survey, ,8/16/2024,1374882,1294496.3,5238.65,TX,11090105,Lake Meredith,0,2,3.668252,0.52058,0,0,587744,792349,204605
101,Point,{064F8D1B-C985-40CB-B373-6034455F944E},{511D2AC8-11BA-45FC-AB98-F69D693D4C44},Watershed Boundary Dataset (WBD),Natural Resources and Conservation Service and U.S. Geological Survey, ,8/16/2024,1385401,1145824.85,4636.99,"NM,TX",12080001,Lost Draw,0,65,3.677036,0.31875,0,0,470190,676709,206519
83,Point,{F29D4A21-DF5E-41DE-AFA9-15764923F9D0},{511D2AC8-11BA-45FC-AB98-F69D693D4C44},Watershed Boundary Dataset (WBD),Natural Resources and Conservation Service and U.S. Geological Survey, ,8/16/2024,1611595,602423.62,2437.92,TX,12110206,Palo Blanco,0,47,3.661101,0.222228,0,0,1171080,1388940,217860
185,Point,{D3656112-5390-43BD-B444-518CF0E14797},{511D2AC8-11BA-45FC-AB98-F69D693D4C44},Watershed Boundary Dataset (WBD),Natural Resources and Conservation Service and U.S. Geological Survey, ,8/16/2024,1101271,867644.99,3511.24,"KS,OK,TX",11100102,Middle Beaver,0,72,0.171309,0.000591,0,0,708100,926266,218166
174,Point,{43591D0D-87CC-423A-BC9D-39645CFB73FE},{511D2AC8-11BA-45FC-AB98-F69D693D4C44},Watershed Boundary Dataset (WBD),Natural Resources and Conservation Service and U.S. Geological Survey, ,8/16/2024,856155,816548.79,3304.46,TX,11120104,Tule,0,48,3.837175,0.324589,0,0,474788,698831,224043
139,Point,{857D1B9F-E5BA-4A37-B4AA-CAC9E6A5C19F},{511D2AC8-11BA-45FC-AB98-F69D693D4C44},Watershed Boundary Dataset (WBD),Natural Resources and Conservation Service and U.S. Geological Survey, ,8/16/2024,886473,1080371.01,4372.11,"NM,TX",12050002,Blackwater Draw,0,103,4.47351,0.289981,0,0,535592,784594,249002
103,Point,{031F483B-06D1-459C-AF04-0ECC1035CC5D},{511D2AC8-11BA-45FC-AB98-F69D693D4C44},Watershed Boundary Dataset (WBD),Natural Resources and Conservation Service and U.S. Geological Survey, ,8/16/2024,1372222,2349747.6,9509.1,"NM,TX",12050001,Yellow House Draw,0,67,4.046321,0.454058,0,0,489211,738639,249428
196,Point,{2A7146BD-824E-4DD7-99B5-7CC3E8708F7C},{511D2AC8-11BA-45FC-AB98-F69D693D4C44},Watershed Boundary Dataset (WBD),Natural Resources and Conservation Service and U.S. Geological Survey, ,8/16/2024,918306,960298.28,3886.19,"NM,TX",11090102,Punta de Agua,0,133,2.999544,0.150747,0,0,728067,986659,258592
18,Point,{C0BDCD01-C7EF-4E59-83A6-77239826E095},{511D2AC8-11BA-45FC-AB98-F69D693D4C44},Watershed Boundary Dataset (WBD),Natural Resources and Conservation Service and U.S. Geological Survey, ,8/16/2024,1854285,1802008.28,7292.48,"MX,TX",13080003,International Falcon Reservoir,0,42,3.500357,0.424691,0,0,424250,691641,267391
178,Point,{9CA816E0-5AA0-4E3D-9C57-E3ACC8A283C8},{511D2AC8-11BA-45FC-AB98-F69D693D4C44},Watershed Boundary Dataset (WBD),Natural Resources and Conservation Service and U.S. Geological Survey, ,8/16/2024,1375341,640217.78,2590.87,"NM,TX",11120102,Palo Duro,0,55,3.180469,0.245421,0,0,588985,859103,270118
100,Point,{95DB5A35-4476-4758-80E0-4B5EEE2861F9},{511D2AC8-11BA-45FC-AB98-F69D693D4C44},Watershed Boundary Dataset (WBD),Natural Resources and Conservation Service and U.S. Geological Survey, ,8/16/2024,1375855,968986.15,3921.35,"NM,TX",12050005,Running Water Draw,0,64,4.461339,0.309029,0,0,484367,762520,278153
160,Point,{5ABAF586-239F-4DDF-9A9A-B66B67FFD533},{511D2AC8-11BA-45FC-AB98-F69D693D4C44},Watershed Boundary Dataset (WBD),Natural Resources and Conservation Service and U.S. Geological Survey, ,8/16/2024,1101271,1748463.49,7075.79,"NM,OK,TX",11100101,Upper Beaver,0,10,1.768497,0.042103,0,0,771721,1049890,278169
12,Point,{EA8816BF-B17E-429B-951D-93374E5EE592},{511D2AC8-11BA-45FC-AB98-F69D693D4C44},Watershed Boundary Dataset (WBD),Natural Resources and Conservation Service and U.S. Geological Survey, ,8/16/2024,1340622,2012880.22,8145.84,"MX,TX",13090001,Los Olmos,0,18,3.2525,0.270113,0,0,580243,877498,297255
191,Point,{E543B002-ADD3-4811-8524-BB731502DBF1},{511D2AC8-11BA-45FC-AB98-F69D693D4C44},Watershed Boundary Dataset (WBD),Natural Resources and Conservation Service and U.S. Geological Survey, ,8/16/2024,1382620,700474.15,2834.72,"NM,OK,TX",11090103,Rita Blanca,0,121,4.401765,0.171854,0,0,730587,1030300,299713
188,Point,{22D6C726-8FC7-4879-B2FB-30591C2FDC46},{511D2AC8-11BA-45FC-AB98-F69D693D4C44},Watershed Boundary Dataset (WBD),Natural Resources and Conservation Service and U.S. Geological Survey, ,8/16/2024,1381678,1255745.35,5081.83,"NM,OK,TX",11100103,Coldwater,0,87,4.314157,0.422216,0,0,728870,1031130,302260
176,Point,{E44C12DF-F001-43E7-AF95-6DB746B51FE4},{511D2AC8-11BA-45FC-AB98-F69D693D4C44},Watershed Boundary Dataset (WBD),Natural Resources and Conservation Service and U.S. Geological Survey, ,8/16/2024,904796,584837.87,2366.76,"NM,TX",11090104,Carrizo,0,52,1.595576,0.074083,0,0,761748,1065410,303662
190,Point,{034B61A3-D5EB-414A-B55E-38C3882D2BAC},{511D2AC8-11BA-45FC-AB98-F69D693D4C44},Watershed Boundary Dataset (WBD),Natural Resources and Conservation Service and U.S. Geological Survey, ,8/16/2024,1376455,1226702.39,4964.29,"NM,TX",11120101,Tierra Blanca,0,120,3.209417,0.327516,0,0,550829,854876,304047
180,Point,{21407518-2D53-4E64-BC65-F824A1B3BEF1},{511D2AC8-11BA-45FC-AB98-F69D693D4C44},Watershed Boundary Dataset (WBD),Natural Resources and Conservation Service and U.S. Geological Survey, ,8/16/2024,"11,018,811,370,163",1183901.3,4791.08,"NM,TX",11090101,Middle Canadian-Trujillo,0,57,2.979176,0.295365,0,0,659324,969090,309766
182,Point,{1E3F8D81-434F-4275-B198-C86A67A2AD78},{511D2AC8-11BA-45FC-AB98-F69D693D4C44},Watershed Boundary Dataset (WBD),Natural Resources and Conservation Service and U.S. Geological Survey, ,8/16/2024,"1,101,881,924,072",1432680.67,5797.86,"NM,TX",11080006,Upper Canadian-Ute Reservoir,0,60,0.235008,0.001413,0,0,689038,1024650,335612
71,Point,{3C142ED9-2EB0-49A0-805C-10FB7E3A170F},{511D2AC8-11BA-45FC-AB98-F69D693D4C44},Watershed Boundary Dataset (WBD),Natural Resources and Conservation Service and U.S. Geological Survey, ,8/16/2024,1338798,1266468.25,5125.22,TX,12080005,Johnson Draw,0,35,4.79689,0.488962,0,0,935182,1275890,340708
34,Point,{FEC8EAD0-BEDA-40AC-A6FA-3DE7499BDF98},{511D2AC8-11BA-45FC-AB98-F69D693D4C44},Watershed Boundary Dataset (WBD),Natural Resources and Conservation Service and U.S. Geological Survey, ,8/16/2024,1385432,1359554.42,5501.93,"MX,TX",13090002,Lower Rio Grande,0,72,4.937834,0.018988,0,0,732396,1105710,373314
86,Point,{A3E81685-C230-4467-B59C-5B393723C3CC},{511D2AC8-11BA-45FC-AB98-F69D693D4C44},Watershed Boundary Dataset (WBD),Natural Resources and Conservation Service and U.S. Geological Survey, ,8/16/2024,1374436,1910202.4,7730.32,TX,12110208,South Laguna Madre,0,50,9.070733,0.616288,0,0,746721,1141190,394469
94,Point,{F02BA02C-8F5A-4E18-B12F-BFBBF9B31A26},{511D2AC8-11BA-45FC-AB98-F69D693D4C44},Watershed Boundary Dataset (WBD),Natural Resources and Conservation Service and U.S. Geological Survey, ,8/16/2024,1374436,2392011.05,9680.13,TX,12110207,Central Laguna Madre,0,58,7.725435,0.812778,0,0,1115980,1545350,429370
